<?xml version="1.0" encoding="utf-8"?>
<resources>
	<!-- registo strings -->

	<string name="app_name">interface</string>
	<string name="ek_img_content">ExportKit Image</string>
	<string name="email_string">Email</string>
	<string name="password_string">Password</string>
	<string name="already_have_an_account__string">Already have an account?</string>
	<string name="log_in_string">Log In</string>
	<string name="register_string">Register</string>
	<string name="passenger_string">Passenger</string>
	<string name="register_ek1_string">Register</string>
</resources>