<?xml version="1.0" encoding="utf-8"?>
<resources>
	<!-- mapa___com_mapa colors -->

	<color name="colorPrimary">#008577</color>
	<color name="colorPrimaryDark">#00574B</color>
	<color name="colorAccent">#D81B60</color>
	<color name="purple_200">#FFBB86FC</color>
	<color name="purple_500">#FF6200EE</color>
	<color name="purple_700">#FF3700B3</color>
	<color name="teal_200">#FF03DAC5</color>
	<color name="teal_700">#FF018786</color>
	<color name="black">#FF000000</color>
	<color name="white">#FFFFFFFF</color>

	<color name="_bg__mapa___com_mapa_color">#FFEDE2</color>
	<color name="line_127_color">#333333</color>
	<color name="rectangle_453_color">#F9F9F9</color>
	<color name="search_region____color">#757575</color>
</resources>