<?xml version="1.0" encoding="utf-8"?>
<resources>
	<!-- login strings -->

	<string name="app_name">interface</string>
	<string name="ek_img_content">ExportKit Image</string>
	<string name="email_string">Email</string>
	<string name="don_t_have_an_account__register_string">Dont have an account? Register</string>
	<string name="log_in_string">Log In</string>
	<string name="passenger_string">Passenger</string>
	<string name="log_in_ek1_string">Log In</string>
	<string name="password_string">Password</string>
</resources>